tokenizer,sample_size,mean,p50,p90,p95,p99,max
bert-base-uncased,5842,29.439404313591236,27,48,56,68,150
ProsusAI/finbert,5842,29.439404313591236,27,48,56,68,150
